"","tag","counter"
"1"," ",38
"2"," 2",11
"3"," a",45
"4"," about",10
"5"," acne",9
"6"," activity",6
"7"," ADHD",14
"8"," adults",8
"9"," after",9
"10"," aging",9
"11"," alcohol",13
"12"," Alzheimers",8
"13"," an",6
"14"," antibiotic",6
"15"," antibiotics",8
"16"," are",13
"17"," arthritis",10
"18"," at",7
"19"," attack",6
"20"," attention",9
"21"," autism",8
"22"," baby",14
"23"," back",15
"24"," bacon",13
"25"," bad",9
"26"," be",9
"27"," beer",11
"28"," behavior",6
"29"," benefits",10
"30"," binge",8
"31"," bipolar",16
"32"," birth",13
"33"," blisters",7
"34"," blood",37
"35"," blue",6
"36"," body",6
"37"," bones",6
"38"," bowel",9
"39"," brain",32
"40"," breast",19
"41"," breath",7
"42"," c",6
"43"," caffeine",9
"44"," calorie",6
"45"," calories",22
"46"," can",7
"47"," cancer",101
"48"," care",10
"49"," cat",7
"50"," causes",9
"51"," cell",12
"52"," cells",6
"53"," changes",7
"54"," chicken",7
"55"," child",7
"56"," children",15
"57"," chocolate",11
"58"," cholesterol",13
"59"," chronic",10
"60"," clinics",6
"61"," cold",7
"62"," color",8
"63"," concussion",6
"64"," condom",7
"65"," condoms",7
"66"," constipation",9
"67"," control",10
"68"," cord",8
"69"," craving",6
"70"," cream",15
"71"," D",19
"72"," death",15
"73"," defects",8
"74"," deficit",6
"75"," dementia",11
"76"," depression",26
"77"," diabetes",36
"78"," diet",38
"79"," dietary",6
"80"," diets",6
"81"," digestive",7
"82"," disease",58
"83"," diseases",7
"84"," disorder",31
"85"," disorders",9
"86"," do",6
"87"," dog",17
"88"," dogs",13
"89"," drinking",11
"90"," drinks",9
"91"," drug",18
"92"," drugs",18
"93"," early",11
"94"," eating",22
"95"," eczema",11
"96"," effects",11
"97"," exercise",31
"98"," exercises",7
"99"," eye",13
"100"," face",7
"101"," failure",8
"102"," fat",17
"103"," fats",6
"104"," fetus",7
"105"," fiber",11
"106"," fibromyalgia",7
"107"," fish",9
"108"," fitness",9
"109"," flu",15
"110"," food",26
"111"," foods",29
"112"," football",6
"113"," fruit",7
"114"," gain",10
"115"," gluten",10
"116"," good",7
"117"," grains",6
"118"," gums",8
"119"," hair",32
"120"," have",9
"121"," health",55
"122"," healthy",14
"123"," heart",64
"124"," hepatitis",11
"125"," herpes",7
"126"," high",10
"127"," HIV",6
"128"," home",6
"129"," hot",8
"130"," how",14
"131"," ice",12
"132"," image",6
"133"," in",46
"134"," infection",24
"135"," infections",9
"136"," injuries",8
"137"," insomnia",8
"138"," is",31
"139"," jaw",9
"140"," joint",7
"141"," kidney",28
"142"," kids",16
"143"," lead",12
"144"," leprosy",7
"145"," leukemia",6
"146"," like",6
"147"," longevity",8
"148"," lose",10
"149"," loss",30
"150"," low",17
"151"," lung",13
"152"," lupus",18
"153"," marijuana",17
"154"," may",7
"155"," medication",6
"156"," medications",6
"157"," memory",19
"158"," men",21
"159"," menopause",16
"160"," mental",23
"161"," microcephaly",14
"162"," migraines",6
"163"," mouth",27
"164"," nail",17
"165"," nails",14
"166"," not",8
"167"," nutrition",14
"168"," obesity",9
"169"," oil",11
"170"," older",15
"171"," on",7
"172"," opioids",6
"173"," or",6
"174"," oral",12
"175"," osteoporosis",6
"176"," out",8
"177"," outbreak",6
"178"," pain",51
"179"," people",14
"180"," physical",9
"181"," poisoning",6
"182"," polish",14
"183"," pot",10
"184"," pregnancy",35
"185"," pregnant",12
"186"," prevention",8
"187"," processed",6
"188"," prostate",30
"189"," protein",18
"190"," questions",33
"191"," quiz",13
"192"," quizzes",27
"193"," radiation",6
"194"," rash",14
"195"," recall",10
"196"," red",9
"197"," relationships",7
"198"," risk",16
"199"," salad",9
"200"," screening",9
"201"," service",7
"202"," sex",15
"203"," shingles",8
"204"," size",6
"205"," skin",39
"206"," sleep",43
"207"," smoking",15
"208"," soda",7
"209"," sore",10
"210"," sores",13
"211"," stem",10
"212"," stress",18
"213"," sugar",14
"214"," supplements",12
"215"," surgery",15
"216"," tea",9
"217"," teen",10
"218"," teenagers",6
"219"," teens",7
"220"," teeth",13
"221"," test",19
"222"," testing",9
"223"," that",20
"224"," The",10
"225"," thyroid",9
"226"," time",8
"227"," tips",11
"228"," TMJ",8
"229"," training",14
"230"," treating",17
"231"," treatment",17
"232"," treatments",14
"233"," type",7
"234"," urine",7
"235"," use",10
"236"," vaccine",6
"237"," virus",20
"238"," vitamin",20
"239"," water",9
"240"," we",7
"241"," weight",43
"242"," what",12
"243"," white",6
"244"," wine",10
"245"," with",32
"246"," women",24
"247"," work",6
"248"," workout",8
"249"," wrinkles",7
"250"," yogurt",9
"251"," you",16
"252"," zika",45
